{
    "name": "root",
    "gauges": {
        "BallAgentBehavior.Policy.Entropy.mean": {
            "value": 1.339617371559143,
            "min": 1.339617371559143,
            "max": 1.41359281539917,
            "count": 10
        },
        "BallAgentBehavior.Environment.EpisodeLength.mean": {
            "value": 351.37931034482756,
            "min": 44.666666666666664,
            "max": 351.37931034482756,
            "count": 10
        },
        "BallAgentBehavior.Policy.ExtrinsicValueEstimate.mean": {
            "value": 6.650740623474121,
            "min": 3.1537556648254395,
            "max": 6.650740623474121,
            "count": 10
        },
        "BallAgentBehavior.Environment.CumulativeReward.mean": {
            "value": 33.9089069637942,
            "min": 3.468830114826424,
            "max": 33.9089069637942,
            "count": 10
        },
        "BallAgentBehavior.Policy.ExtrinsicReward.mean": {
            "value": 33.9089069637942,
            "min": 3.468830114826424,
            "max": 33.9089069637942,
            "count": 10
        },
        "BallAgentBehavior.Losses.ValueLoss.mean": {
            "value": 1.1810153722763062,
            "min": 1.1810153722763062,
            "max": 4.747039794921875,
            "count": 10
        },
        "BallAgentBehavior.Losses.PolicyLoss.mean": {
            "value": 0.0240235086530447,
            "min": 0.02215312048792839,
            "max": 0.02633257582783699,
            "count": 10
        },
        "BallAgentBehavior.Policy.LearningRate.mean": {
            "value": 1.6568261344218627e-05,
            "min": 1.6568261344218627e-05,
            "max": 0.0002846167772077024,
            "count": 10
        },
        "BallAgentBehavior.Policy.Epsilon.mean": {
            "value": 0.10552272945642471,
            "min": 0.10552272945642471,
            "max": 0.19487223029136658,
            "count": 10
        },
        "BallAgentBehavior.Policy.Beta.mean": {
            "value": 0.0002855837228707969,
            "min": 0.0002855837228707969,
            "max": 0.004744125064462423,
            "count": 10
        },
        "BallAgentBehavior.IsTraining.mean": {
            "value": 1.0,
            "min": 1.0,
            "max": 1.0,
            "count": 10
        }
    },
    "metadata": {
        "timer_format_version": "0.1.0",
        "start_time_seconds": "1606253937",
        "python_version": "3.8.3 (tags/v3.8.3:6f8c832, May 13 2020, 22:37:02) [MSC v.1924 64 bit (AMD64)]",
        "command_line_arguments": "C:\\Python38\\Scripts\\mlagents-learn --run-id=BallBalancer02 --force",
        "mlagents_version": "0.19.0",
        "mlagents_envs_version": "0.19.0",
        "communication_protocol_version": "1.0.0",
        "tensorflow_version": "2.3.1",
        "numpy_version": "1.18.5",
        "end_time_seconds": "1606254356"
    },
    "total": 419.3072674,
    "count": 1,
    "self": 0.3421992000000387,
    "children": {
        "run_training.setup": {
            "total": 0.02851890000000079,
            "count": 1,
            "self": 0.02851890000000079
        },
        "TrainerController.start_learning": {
            "total": 418.93654929999997,
            "count": 1,
            "self": 0.7335142999962727,
            "children": {
                "TrainerController._reset_env": {
                    "total": 14.7763558,
                    "count": 1,
                    "self": 14.7763558
                },
                "TrainerController.advance": {
                    "total": 401.98763060000374,
                    "count": 35049,
                    "self": 0.2939250000056859,
                    "children": {
                        "env_step": {
                            "total": 401.69370559999805,
                            "count": 35049,
                            "self": 356.4805856999943,
                            "children": {
                                "SubprocessEnvManager._take_step": {
                                    "total": 44.822288000001905,
                                    "count": 35049,
                                    "self": 0.8566682000040018,
                                    "children": {
                                        "TFPolicy.evaluate": {
                                            "total": 43.9656197999979,
                                            "count": 31298,
                                            "self": 43.9656197999979
                                        }
                                    }
                                },
                                "workers": {
                                    "total": 0.39083190000183166,
                                    "count": 35049,
                                    "self": 0.0,
                                    "children": {
                                        "worker_root": {
                                            "total": 403.5748760999988,
                                            "count": 35049,
                                            "is_parallel": true,
                                            "self": 98.77918000000034,
                                            "children": {
                                                "steps_from_proto": {
                                                    "total": 0.00029739999999911504,
                                                    "count": 1,
                                                    "is_parallel": true,
                                                    "self": 7.179999999884501e-05,
                                                    "children": {
                                                        "_process_vector_observation": {
                                                            "total": 0.00022560000000027003,
                                                            "count": 2,
                                                            "is_parallel": true,
                                                            "self": 0.00022560000000027003
                                                        }
                                                    }
                                                },
                                                "UnityEnvironment.step": {
                                                    "total": 304.79539869999843,
                                                    "count": 35049,
                                                    "is_parallel": true,
                                                    "self": 1.9441324999968401,
                                                    "children": {
                                                        "UnityEnvironment._generate_step_input": {
                                                            "total": 9.507712900005583,
                                                            "count": 35049,
                                                            "is_parallel": true,
                                                            "self": 9.507712900005583
                                                        },
                                                        "communicator.exchange": {
                                                            "total": 286.80955350000085,
                                                            "count": 35049,
                                                            "is_parallel": true,
                                                            "self": 286.80955350000085
                                                        },