{
    "name": "root",
    "gauges": {
        "PenguinLearning.Policy.Entropy.mean": {
            "value": 0.47381529211997986,
            "min": 0.47381529211997986,
            "max": 1.7786699533462524,
            "count": 200
        },
        "PenguinLearning.Environment.Lesson.my_environment_parameter.mean": {
            "value": 0.0,
            "min": 0.0,
            "max": 0.0,
            "count": 200
        },
        "PenguinLearning.Policy.ExtrinsicValueEstimate.mean": {
            "value": 2.038285493850708,
            "min": 0.058854371309280396,
            "max": 2.1973769664764404,
            "count": 200
        },
        "PenguinLearning.Losses.ValueLoss.mean": {
            "value": 0.11552031338214874,
            "min": 0.0006432406953535974,
            "max": 0.13903206586837769,
            "count": 200
        },
        "PenguinLearning.Losses.PolicyLoss.mean": {
            "value": 0.07217807322740555,
            "min": 0.055161602795124054,
            "max": 0.08145812898874283,
            "count": 200
        },
        "PenguinLearning.Policy.LearningRate.mean": {
            "value": 6.657973017354379e-07,
            "min": 6.657973017354379e-07,
            "max": 0.0002987712505273521,
            "count": 200
        },
        "PenguinLearning.Policy.Epsilon.mean": {
            "value": 0.1002219021320343,
            "min": 0.1002219021320343,
            "max": 0.19959042966365814,
            "count": 200
        },
        "PenguinLearning.Policy.Beta.mean": {
            "value": 3.216772529412992e-05,
            "min": 3.216772529412992e-05,
            "max": 0.009959080256521702,
            "count": 200
        },
        "PenguinLearning.IsTraining.mean": {
            "value": 1.0,
            "min": 1.0,
            "max": 1.0,
            "count": 200
        },
        "PenguinLearning.Environment.EpisodeLength.mean": {
            "value": 272.22222222222223,
            "min": 233.16666666666666,
            "max": 999.0,
            "count": 180
        },
        "PenguinLearning.Environment.CumulativeReward.mean": {
            "value": 7.727189933260282,
            "min": -0.6874999860301614,
            "max": 7.7661897175841865,
            "count": 183
        },
        "PenguinLearning.Policy.ExtrinsicReward.mean": {
            "value": 7.727189933260282,
            "min": -0.6874999860301614,
            "max": 7.7661897175841865,
            "count": 183
        }
    },
    "metadata": {
        "timer_format_version": "0.1.0",
        "start_time_seconds": "1606876766",
        "python_version": "3.8.3 (tags/v3.8.3:6f8c832, May 13 2020, 22:37:02) [MSC v.1924 64 bit (AMD64)]",
        "command_line_arguments": "C:\\Python38\\Scripts\\mlagents-learn ./config/trainer_config.yaml --run-id penguin_05 --force",
        "mlagents_version": "0.19.0",
        "mlagents_envs_version": "0.19.0",
        "communication_protocol_version": "1.0.0",
        "tensorflow_version": "2.3.1",
        "numpy_version": "1.18.5",
        "end_time_seconds": "1606878136"
    },
    "total": 1369.4308117,
    "count": 1,
    "self": 0.3160740999999234,
    "children": {
        "run_training.setup": {
            "total": 0.029088600000000575,
            "count": 1,
            "self": 0.029088600000000575
        },
        "TrainerController.start_learning": {
            "total": 1369.085649,
            "count": 1,
            "self": 1.476113199996007,
            "children": {
                "TrainerController._reset_env": {
                    "total": 15.4619437,
                    "count": 1,
                    "self": 15.4619437
                },
                "TrainerController.advance": {
                    "total": 1350.250401600004,
                    "count": 64844,
                    "self": 1.183321700000306,
                    "children": {
                        "env_step": {
                            "total": 1349.0670799000036,
                            "count": 64844,
                            "self": 1230.6897253000277,
                            "children": {
                                "SubprocessEnvManager._take_step": {
                                    "total": 117.70876589999526,
                                    "count": 64844,
                                    "self": 1.6678329999759,
                                    "children": {
                                        "TFPolicy.evaluate": {
                                            "total": 116.04093290001936,
                                            "count": 62572,
                                            "self": 116.04093290001936
                                        }
                                    }
                                },
                                "workers": {
                                    "total": 0.668588699980571,
                                    "count": 64844,
                                    "self": 0.0,
                                    "children": {
                                        "worker_root": {
                                            "total": 1352.9454414000181,
                                            "count": 64844,
                                            "is_parallel": true,
                                            "self": 223.90430909999372,
                                            "children": {
                                                "steps_from_proto": {
                                                    "total": 0.0006025999999987874,
                                                    "count": 1,
                                                    "is_parallel": true,
                                                    "self": 0.0001726999999984713,
                                                    "children": {
                                                        "_process_vector_observation": {
                                                            "total": 0.00042990000000031614,
                                                            "count": 4,
                                                            "is_parallel": true,
                                                            "self": 0.00042990000000031614
                                                        }
                                                    }
                                                },
                                                "UnityEnvironment.step": {
                                                    "total": 1129.0405297000243,
                                                    "count": 64844,
                                                    "is_parallel": true,
                                                    "self": 4.406388700002935,
                                                    "children": {
                                                        "UnityEnvironment._generate_step_input": {
                                                            "total": 19.838169200017212,
                                                            "count": 64844,
                                                            "is_parallel": true,
                                                            "self": 19.838169200017212
                                                        },
                                                        "communicator.exchange": {
                                                            "total": 1073.0875756000116,
                                                            "count": 64844,
                                                            "is_parallel": true,