{"cameraMode":{"drawMode":0,"name":"Shaded","section":"Shading Mode"},"sceneLighting":false,"audioPlay":false,"sceneViewState":{"showFog":true,"showMaterialUpdate":false,"showSkybox":false,"showFlares":true,"showImageEffects":true,"showParticleSystems":true},"in2DMode":false,"pivot":{"x":-0.09100691974163056,"y":-0.20682457089424134,"z":0.38047534227371218},"rotation":{"x":0.23989953100681306,"y":0.5230745077133179,"z":-0.15631842613220216,"w":0.8027519583702087},"size":9.133286476135254,"orthographic":false}