{"cameraMode":{"drawMode":0,"name":"Shaded","section":"Shading Mode"},"sceneLighting":false,"audioPlay":false,"sceneViewState":{"showFog":true,"showMaterialUpdate":false,"showSkybox":false,"showFlares":true,"showImageEffects":true,"showParticleSystems":true},"in2DMode":false,"pivot":{"x":-0.37209415435791018,"y":0.16194581985473634,"z":0.0},"rotation":{"x":0.2945987582206726,"y":0.13982516527175904,"z":-0.04362056404352188,"w":0.9443293213844299},"size":9.709427833557129,"orthographic":false}