{"cameraMode":{"drawMode":0,"name":"Shaded","section":"Shading Mode"},"sceneLighting":true,"audioPlay":false,"sceneViewState":{"showFog":true,"showMaterialUpdate":false,"showSkybox":true,"showFlares":true,"showImageEffects":true,"showParticleSystems":true},"in2DMode":false,"pivot":{"x":-8.438301086425782,"y":-19.304641723632814,"z":-25.035263061523439},"rotation":{"x":0.36199280619621279,"y":0.3970876634120941,"z":-0.1741930991411209,"w":0.8251916170120239},"size":50.02457809448242,"orthographic":false}