{"count":1,"self":248.8390144,"total":732.3261308,"children":{"AgentSendState":{"count":156401,"self":17.1894544,"total":65.7402397,"children":{"CollectObservations":{"count":500496,"self":4.4894772,"total":4.4894773,"children":null},"CollectDiscreteActionMasks":{"count":500496,"self":2.9338319999999998,"total":2.9338319999999998,"children":null},"AgentInfo.ToProto":{"count":500496,"self":7.1711,"total":41.1274759,"children":{"GenerateSensorData":{"count":500496,"self":10.731451999999999,"total":33.956375699999995,"children":{"RayPerceptionSensor.Perceive":{"count":500496,"self":23.2249232,"total":23.224923399999998,"children":null}}}}}}},"DecideAction":{"count":156401,"self":410.36607999999995,"total":410.36607849999996,"children":null},"AgentAct":{"count":156401,"self":7.3320824,"total":7.3797928,"children":{"AgentInfo.ToProto":{"count":496,"self":0.0085449999999999988,"total":0.0477106,"children":{"GenerateSensorData":{"count":496,"self":0.0158442,"total":0.039165599999999995,"children":{"RayPerceptionSensor.Perceive":{"count":496,"self":0.0233214,"total":0.0233214,"children":null}}}}}}}},"gauges":{"PenguinLearning.CumulativeReward":{"count":496,"max":2.99997973,"min":-0.99994123,"runningAverage":-0.120920874,"value":2.38011417E-05,"weightedAverage":0.00071418233}},"metadata":{"timer_format_version":"0.1.0","start_time_seconds":"1607116287","unity_version":"2019.4.1f1","command_line_arguments":"F:\\Program Files\\Unity\\2019.4.1f1\\Editor\\Unity.exe -projectpath F:\/src\/IA_2000B\/AprendizajePorReforzamiento\/AgentesInteligentes -useHub -hubIPC -cloudEnvironment production -hubSessionId 8eebede0-35a3-11eb-b67a-d9cc2edc1426 -accessToken J_C2fU7hKSHl9d8AApKqIJPP_fpwhxADex8fMlpojwQ004f","communication_protocol_version":"1.0.0","com.unity.ml-agents_version":"1.0.6","scene_name":"Penguins","end_time_seconds":"1607117019"}}