{
    "name": "root",
    "gauges": {
        "BallAgentBehavior.Policy.Entropy.mean": {
            "value": 1.352976679801941,
            "min": 1.352976679801941,
            "max": 1.4172085523605347,
            "count": 10
        },
        "BallAgentBehavior.Environment.EpisodeLength.mean": {
            "value": 212.1909090909091,
            "min": 46.87179487179487,
            "max": 212.1909090909091,
            "count": 10
        },
        "BallAgentBehavior.Policy.ExtrinsicValueEstimate.mean": {
            "value": 5.814556121826172,
            "min": 2.051162004470825,
            "max": 5.814556121826172,
            "count": 10
        },
        "BallAgentBehavior.Environment.CumulativeReward.mean": {
            "value": 20.222625966525186,
            "min": 3.6835144100984722,
            "max": 20.222625966525186,
            "count": 10
        },
        "BallAgentBehavior.Policy.ExtrinsicReward.mean": {
            "value": 20.222625966525186,
            "min": 3.6835144100984722,
            "max": 20.222625966525186,
            "count": 10
        },
        "BallAgentBehavior.Losses.ValueLoss.mean": {
            "value": 1.6153669357299805,
            "min": 1.2646461725234985,
            "max": 2.1892993450164795,
            "count": 10
        },
        "BallAgentBehavior.Losses.PolicyLoss.mean": {
            "value": 0.02495066449046135,
            "min": 0.02010916732251644,
            "max": 0.025934889912605286,
            "count": 10
        },
        "BallAgentBehavior.Policy.LearningRate.mean": {
            "value": 1.6569701983826235e-05,
            "min": 1.6569701983826235e-05,
            "max": 0.0002845984708983451,
            "count": 10
        },
        "BallAgentBehavior.Policy.Epsilon.mean": {
            "value": 0.10552320629358292,
            "min": 0.10552320629358292,
            "max": 0.19486616551876068,
            "count": 10
        },
        "BallAgentBehavior.Policy.Beta.mean": {
            "value": 0.00028560770442709327,
            "min": 0.00028560770442709327,
            "max": 0.004743820987641811,
            "count": 10
        },
        "BallAgentBehavior.IsTraining.mean": {
            "value": 1.0,
            "min": 1.0,
            "max": 1.0,
            "count": 10
        }
    },
    "metadata": {
        "timer_format_version": "0.1.0",
        "start_time_seconds": "1606512241",
        "python_version": "3.8.3 (tags/v3.8.3:6f8c832, May 13 2020, 22:37:02) [MSC v.1924 64 bit (AMD64)]",
        "command_line_arguments": "C:\\Python38\\Scripts\\mlagents-learn --run-id=BallBalancer05 --force",
        "mlagents_version": "0.19.0",
        "mlagents_envs_version": "0.19.0",
        "communication_protocol_version": "1.0.0",
        "tensorflow_version": "2.3.1",
        "numpy_version": "1.18.5",
        "end_time_seconds": "1606512603"
    },
    "total": 362.24175269999995,
    "count": 1,
    "self": 0.3332971999999472,
    "children": {
        "run_training.setup": {
            "total": 0.027636900000000075,
            "count": 1,
            "self": 0.027636900000000075
        },
        "TrainerController.start_learning": {
            "total": 361.8808186,
            "count": 1,
            "self": 0.5270399000009434,
            "children": {
                "TrainerController._reset_env": {
                    "total": 15.613950299999999,
                    "count": 1,
                    "self": 15.613950299999999
                },
                "TrainerController.advance": {
                    "total": 344.306014099999,
                    "count": 23429,
                    "self": 0.2018885000011892,
                    "children": {
                        "env_step": {
                            "total": 344.1041255999978,
                            "count": 23429,
                            "self": 311.08960739999696,
                            "children": {
                                "SubprocessEnvManager._take_step": {
                                    "total": 32.75421640000274,
                                    "count": 23429,
                                    "self": 0.6394233000023704,
                                    "children": {
                                        "TFPolicy.evaluate": {
                                            "total": 32.11479310000037,
                                            "count": 20047,
                                            "self": 32.11479310000037
                                        }
                                    }
                                },
                                "workers": {
                                    "total": 0.26030179999812475,
                                    "count": 23429,
                                    "self": 0.0,
                                    "children": {
                                        "worker_root": {
                                            "total": 347.94804680000357,
                                            "count": 23429,
                                            "is_parallel": true,
                                            "self": 80.28867380000509,
                                            "children": {
                                                "steps_from_proto": {
                                                    "total": 0.0004314000000000817,
                                                    "count": 1,
                                                    "is_parallel": true,
                                                    "self": 8.369999999935374e-05,
                                                    "children": {
                                                        "_process_vector_observation": {
                                                            "total": 0.000347700000000728,
                                                            "count": 2,
                                                            "is_parallel": true,
                                                            "self": 0.000347700000000728
                                                        }
                                                    }
                                                },
                                                "UnityEnvironment.step": {
                                                    "total": 267.65894159999846,
                                                    "count": 23429,
                                                    "is_parallel": true,
                                                    "self": 1.4994216000031884,
                                                    "children": {
                                                        "UnityEnvironment._generate_step_input": {
                                                            "total": 8.963990099999013,
                                                            "count": 23429,
                                                            "is_parallel": true,
                                                            "self": 8.963990099999013
                                                        },
                                                        "communicator.exchange": {
                                                            "total": 250.87413589999633,
                                                            "count": 23429,
                                                            "is_parallel": true,
                                                            "self": 250.87413589999633
                                                        },