{
    "name": "root",
    "gauges": {
        "PenguinLearning.Policy.Entropy.mean": {
            "value": 1.5851869583129883,
            "min": 1.5851869583129883,
            "max": 1.7640190124511719,
            "count": 6
        },
        "PenguinLearning.Policy.ExtrinsicValueEstimate.mean": {
            "value": 0.0796842873096466,
            "min": 0.0796842873096466,
            "max": 1.275804877281189,
            "count": 6
        },
        "PenguinLearning.Losses.ValueLoss.mean": {
            "value": 0.005214065313339233,
            "min": 0.005214065313339233,
            "max": 0.03774362802505493,
            "count": 6
        },
        "PenguinLearning.Losses.PolicyLoss.mean": {
            "value": 0.024660330265760422,
            "min": 0.024166712537407875,
            "max": 0.02631048485636711,
            "count": 6
        },
        "PenguinLearning.Policy.LearningRate.mean": {
            "value": 0.00013486470561474562,
            "min": 0.00013486470561474562,
            "max": 0.00028339202981442213,
            "count": 6
        },
        "PenguinLearning.Policy.Epsilon.mean": {
            "value": 0.1449548900127411,
            "min": 0.1449548900127411,
            "max": 0.19446402788162231,
            "count": 6
        },
        "PenguinLearning.Policy.Beta.mean": {
            "value": 0.0022532485891133547,
            "min": 0.0022532485891133547,
            "max": 0.004723753314465284,
            "count": 6
        },
        "PenguinLearning.Environment.EpisodeLength.mean": {
            "value": 999.0,
            "min": 999.0,
            "max": 999.0,
            "count": 6
        },
        "PenguinLearning.Environment.CumulativeReward.mean": {
            "value": 0.0416667596437037,
            "min": -0.5416666502133012,
            "max": 0.0416667596437037,
            "count": 6
        },
        "PenguinLearning.Policy.ExtrinsicReward.mean": {
            "value": 0.0416667596437037,
            "min": -0.5416666502133012,
            "max": 0.0416667596437037,
            "count": 6
        },
        "PenguinLearning.IsTraining.mean": {
            "value": 1.0,
            "min": 1.0,
            "max": 1.0,
            "count": 6
        }
    },
    "metadata": {
        "timer_format_version": "0.1.0",
        "start_time_seconds": "1606871727",
        "python_version": "3.8.3 (tags/v3.8.3:6f8c832, May 13 2020, 22:37:02) [MSC v.1924 64 bit (AMD64)]",
        "command_line_arguments": "C:\\Python38\\Scripts\\mlagents-learn --run-id penguin_03 --force",
        "mlagents_version": "0.19.0",
        "mlagents_envs_version": "0.19.0",
        "communication_protocol_version": "1.0.0",
        "tensorflow_version": "2.3.1",
        "numpy_version": "1.18.5",
        "end_time_seconds": "1606872196"
    },
    "total": 468.4298096,
    "count": 1,
    "self": 0.00511660000000802,
    "children": {
        "run_training.setup": {
            "total": 0.028820200000000185,
            "count": 1,
            "self": 0.028820200000000185
        },
        "TrainerController.start_learning": {
            "total": 468.3958728,
            "count": 1,
            "self": 0.4605489999990482,
            "children": {
                "TrainerController._reset_env": {
                    "total": 8.5502584,
                    "count": 1,
                    "self": 8.5502584
                },
                "TrainerController.advance": {
                    "total": 457.4173796000009,
                    "count": 20617,
                    "self": 0.19743039999877965,
                    "children": {
                        "env_step": {
                            "total": 457.21994920000213,
                            "count": 20617,
                            "self": 409.0014578000071,
                            "children": {
                                "SubprocessEnvManager._take_step": {
                                    "total": 47.970864899997075,
                                    "count": 20617,
                                    "self": 0.5906125999983161,
                                    "children": {
                                        "TFPolicy.evaluate": {
                                            "total": 47.38025229999876,
                                            "count": 20617,
                                            "self": 47.38025229999876
                                        }
                                    }
                                },
                                "workers": {
                                    "total": 0.2476264999980078,
                                    "count": 20616,
                                    "self": 0.0,
                                    "children": {
                                        "worker_root": {
                                            "total": 458.9000597000016,
                                            "count": 20616,
                                            "is_parallel": true,
                                            "self": 80.96577920000118,
                                            "children": {
                                                "steps_from_proto": {
                                                    "total": 0.0006374999999998465,
                                                    "count": 1,
                                                    "is_parallel": true,
                                                    "self": 0.00020600000000037255,
                                                    "children": {
                                                        "_process_vector_observation": {
                                                            "total": 0.00043149999999947397,
                                                            "count": 4,
                                                            "is_parallel": true,
                                                            "self": 0.00043149999999947397
                                                        }
                                                    }
                                                },
                                                "UnityEnvironment.step": {
                                                    "total": 377.9336430000004,
                                                    "count": 20616,
                                                    "is_parallel": true,
                                                    "self": 1.5448221000013973,
                                                    "children": {
                                                        "UnityEnvironment._generate_step_input": {
                                                            "total": 6.804676999997058,
                                                            "count": 20616,
                                                            "is_parallel": true,
                                                            "self": 6.804676999997058
                                                        },
                                                        "communicator.exchange": {
                                                            "total": 358.81004909999933,
                                                            "count": 20616,
                                                            "is_parallel": true,
                                                            "self": 358.81004909999933
                                                        },
                                                        "steps_from_proto": {
                                                            "total": 10.774094800002606,