{"cameraMode":{"drawMode":0,"name":"Shaded","section":"Shading Mode"},"sceneLighting":true,"audioPlay":false,"sceneViewState":{"showFog":true,"showMaterialUpdate":false,"showSkybox":true,"showFlares":true,"showImageEffects":true,"showParticleSystems":true},"in2DMode":false,"pivot":{"x":-0.1760723888874054,"y":0.1364949643611908,"z":0.5029300451278687},"rotation":{"x":-0.35684069991111758,"y":0.610824704170227,"z":-0.3574832081794739,"w":-0.6097290515899658},"size":2.2262725830078127,"orthographic":true}