{
    "name": "root",
    "gauges": {
        "SimpleGoal.Policy.Entropy.mean": {
            "value": 1.7348320484161377,
            "min": 1.7103971242904663,
            "max": 1.7413383722305298,
            "count": 5
        },
        "SimpleGoal.Environment.EpisodeLength.mean": {
            "value": 1.2142793752218672,
            "min": 1.201904845892676,
            "max": 1.214958644787474,
            "count": 5
        },
        "SimpleGoal.Policy.ExtrinsicValueEstimate.mean": {
            "value": -1.9302319288253784,
            "min": -2.148797035217285,
            "max": -1.78998601436615,
            "count": 5
        },
        "SimpleGoal.Environment.CumulativeReward.mean": {
            "value": -1.0022105969261164,
            "min": -1.004006988598361,
            "max": -1.0022105969261164,
            "count": 5
        },
        "SimpleGoal.Policy.ExtrinsicReward.mean": {
            "value": -1.0022105969261164,
            "min": -1.004006988598361,
            "max": -1.0022105969261164,
            "count": 5
        },
        "SimpleGoal.Losses.ValueLoss.mean": {
            "value": 10.580343246459961,
            "min": 8.691108703613281,
            "max": 20.37630844116211,
            "count": 5
        },
        "SimpleGoal.Losses.PolicyLoss.mean": {
            "value": 0.024153249338269234,
            "min": 0.022564038634300232,
            "max": 0.026636291295289993,
            "count": 5
        },
        "SimpleGoal.Policy.LearningRate.mean": {
            "value": 0.0001646377786528319,
            "min": 0.0001646377786528319,
            "max": 0.0002846265269909054,
            "count": 5
        },
        "SimpleGoal.Policy.Epsilon.mean": {
            "value": 0.15487924218177795,
            "min": 0.15487924218177795,
            "max": 0.19487550854682922,
            "count": 5
        },
        "SimpleGoal.Policy.Beta.mean": {
            "value": 0.0027484737802296877,
            "min": 0.0027484737802296877,
            "max": 0.004744286648929119,
            "count": 5
        },
        "SimpleGoal.IsTraining.mean": {
            "value": 1.0,
            "min": 1.0,
            "max": 1.0,
            "count": 5
        }
    },
    "metadata": {
        "timer_format_version": "0.1.0",
        "start_time_seconds": "1607114074",
        "python_version": "3.8.3 (tags/v3.8.3:6f8c832, May 13 2020, 22:37:02) [MSC v.1924 64 bit (AMD64)]",
        "command_line_arguments": "C:\\Python38\\Scripts\\mlagents-learn --run-id simple02",
        "mlagents_version": "0.19.0",
        "mlagents_envs_version": "0.19.0",
        "communication_protocol_version": "1.0.0",
        "tensorflow_version": "2.3.1",
        "numpy_version": "1.18.5",
        "end_time_seconds": "1607114607"
    },
    "total": 533.0990740000001,
    "count": 1,
    "self": 0.0052161000000978675,
    "children": {
        "run_training.setup": {
            "total": 0.0378961999999996,
            "count": 1,
            "self": 0.0378961999999996
        },
        "TrainerController.start_learning": {
            "total": 533.0559617,
            "count": 1,
            "self": 0.9089633000012327,
            "children": {
                "TrainerController._reset_env": {
                    "total": 12.468420100000001,
                    "count": 1,
                    "self": 12.468420100000001
                },
                "TrainerController.advance": {
                    "total": 517.7400572999987,
                    "count": 58488,
                    "self": 0.38938980000273204,
                    "children": {
                        "env_step": {
                            "total": 517.350667499996,
                            "count": 58488,
                            "self": 465.4078986999795,
                            "children": {
                                "SubprocessEnvManager._take_step": {
                                    "total": 51.42448890000388,
                                    "count": 58488,
                                    "self": 0.7875434000063422,
                                    "children": {
                                        "TFPolicy.evaluate": {
                                            "total": 50.63694549999754,
                                            "count": 28641,
                                            "self": 50.63694549999754
                                        }
                                    }
                                },
                                "workers": {
                                    "total": 0.5182799000126224,
                                    "count": 58487,
                                    "self": 0.0,
                                    "children": {
                                        "worker_root": {
                                            "total": 518.9913879999917,
                                            "count": 58487,
                                            "is_parallel": true,
                                            "self": 119.9365715999993,
                                            "children": {
                                                "steps_from_proto": {
                                                    "total": 0.0004591999999998819,
                                                    "count": 1,
                                                    "is_parallel": true,
                                                    "self": 0.0001705999999987995,
                                                    "children": {
                                                        "_process_vector_observation": {
                                                            "total": 0.00028860000000108244,
                                                            "count": 4,
                                                            "is_parallel": true,
                                                            "self": 0.00028860000000108244
                                                        }
                                                    }
                                                },
                                                "UnityEnvironment.step": {
                                                    "total": 399.0543571999924,
                                                    "count": 58487,
                                                    "is_parallel": true,
                                                    "self": 3.3878192999854946,
                                                    "children": {
                                                        "UnityEnvironment._generate_step_input": {
                                                            "total": 7.004459800000998,
                                                            "count": 58487,
                                                            "is_parallel": true,
                                                            "self": 7.004459800000998
                                                        },
                                                        "communicator.exchange": {
                                                            "total": 373.2072765000055,
                                                            "count": 58487,
                                                            "is_parallel": true,
                                                            "self": 373.2072765000055
                                                        },
                                                        "steps_from_proto": {
                                                            "total": 15.454801600000444,