{
    "name": "root",
    "gauges": {
        "SimpleGoal.Policy.Entropy.mean": {
            "value": 1.5622981786727905,
            "min": 1.4346507787704468,
            "max": 1.7257816791534424,
            "count": 5
        },
        "SimpleGoal.Environment.EpisodeLength.mean": {
            "value": 78.62639109697933,
            "min": 56.59122401847575,
            "max": 86.12259194395797,
            "count": 5
        },
        "SimpleGoal.Policy.ExtrinsicValueEstimate.mean": {
            "value": -0.1818099319934845,
            "min": -0.6846969127655029,
            "max": 0.2459840178489685,
            "count": 5
        },
        "SimpleGoal.Environment.CumulativeReward.mean": {
            "value": -0.02861141650729878,
            "min": -1.2288809474148503,
            "max": -0.02861141650729878,
            "count": 5
        },
        "SimpleGoal.Policy.ExtrinsicReward.mean": {
            "value": -0.02861141650729878,
            "min": -1.2288809474148503,
            "max": -0.02861141650729878,
            "count": 5
        },
        "SimpleGoal.Losses.ValueLoss.mean": {
            "value": 0.2263287603855133,
            "min": 0.016626182943582535,
            "max": 0.2263287603855133,
            "count": 5
        },
        "SimpleGoal.Losses.PolicyLoss.mean": {
            "value": 0.026198038831353188,
            "min": 0.02007664367556572,
            "max": 0.026198038831353188,
            "count": 5
        },
        "SimpleGoal.Policy.LearningRate.mean": {
            "value": 0.0001642935094423592,
            "min": 0.0001642935094423592,
            "max": 0.0002845803101081401,
            "count": 5
        },
        "SimpleGoal.Policy.Epsilon.mean": {
            "value": 0.15476447343826294,
            "min": 0.15476447343826294,
            "max": 0.19486010074615479,
            "count": 5
        },
        "SimpleGoal.Policy.Beta.mean": {
            "value": 0.0027427475433796644,
            "min": 0.0027427475433796644,
            "max": 0.004743519704788923,
            "count": 5
        },
        "SimpleGoal.IsTraining.mean": {
            "value": 1.0,
            "min": 1.0,
            "max": 1.0,
            "count": 5
        }
    },
    "metadata": {
        "timer_format_version": "0.1.0",
        "start_time_seconds": "1607379517",
        "python_version": "3.8.3 (tags/v3.8.3:6f8c832, May 13 2020, 22:37:02) [MSC v.1924 64 bit (AMD64)]",
        "command_line_arguments": "C:\\Python38\\Scripts\\mlagents-learn --run-id simple05",
        "mlagents_version": "0.19.0",
        "mlagents_envs_version": "0.19.0",
        "communication_protocol_version": "1.0.0",
        "tensorflow_version": "2.3.1",
        "numpy_version": "1.18.5",
        "end_time_seconds": "1607379940"
    },
    "total": 422.5814723,
    "count": 1,
    "self": 0.005308700000000499,
    "children": {
        "run_training.setup": {
            "total": 0.0319294999999995,
            "count": 1,
            "self": 0.0319294999999995
        },
        "TrainerController.start_learning": {
            "total": 422.5442341,
            "count": 1,
            "self": 0.48154830000339643,
            "children": {
                "TrainerController._reset_env": {
                    "total": 14.6823696,
                    "count": 1,
                    "self": 14.6823696
                },
                "TrainerController.advance": {
                    "total": 405.34656909999654,
                    "count": 22159,
                    "self": 0.19763079999717093,
                    "children": {
                        "env_step": {
                            "total": 405.1489382999994,
                            "count": 22159,
                            "self": 365.8950511999978,
                            "children": {
                                "SubprocessEnvManager._take_step": {
                                    "total": 38.98749800000089,
                                    "count": 22159,
                                    "self": 0.553125300003849,
                                    "children": {
                                        "TFPolicy.evaluate": {
                                            "total": 38.43437269999704,
                                            "count": 19087,
                                            "self": 38.43437269999704
                                        }
                                    }
                                },
                                "workers": {
                                    "total": 0.26638910000067995,
                                    "count": 22158,
                                    "self": 0.0,
                                    "children": {
                                        "worker_root": {
                                            "total": 391.75125569999733,
                                            "count": 22158,
                                            "is_parallel": true,
                                            "self": 71.90302109999664,
                                            "children": {
                                                "steps_from_proto": {
                                                    "total": 0.0005785000000013696,
                                                    "count": 1,
                                                    "is_parallel": true,
                                                    "self": 0.0002157999999994331,
                                                    "children": {
                                                        "_process_vector_observation": {
                                                            "total": 0.0003627000000019365,
                                                            "count": 4,
                                                            "is_parallel": true,
                                                            "self": 0.0003627000000019365
                                                        }
                                                    }
                                                },
                                                "UnityEnvironment.step": {
                                                    "total": 319.8476561000007,
                                                    "count": 22158,
                                                    "is_parallel": true,
                                                    "self": 1.5310308000090345,
                                                    "children": {
                                                        "UnityEnvironment._generate_step_input": {
                                                            "total": 6.062713199997708,
                                                            "count": 22158,
                                                            "is_parallel": true,
                                                            "self": 6.062713199997708
                                                        },
                                                        "communicator.exchange": {
                                                            "total": 303.11266729999585,
                                                            "count": 22158,
                                                            "is_parallel": true,
                                                            "self": 303.11266729999585
                                                        },
                                                        "steps_from_proto": {
                                                            "total": 9.14124479999808,